Name,Description,Latitude,Longitude,InfoURL,ImageURL
UCSB,A great university located along the California coast!!,34.416929,-119.845991,"https://en.wikipedia.org/wiki/University_of_California, _Santa_Barbara",https://www.history.ucsb.edu/wp-content/uploads/La goonFall20141.jpg
,,,,,
,,,,,
Lake Forest,My home town!,33.400795,-117.410092,https://www.lakeforestca.gov/,"data:image/jpeg;base64,/9j/4AAQSkZJRgABAQAAAQABAAD/2wCEAAkGBwgHBgkIBwgKCgkLDRYPDQwMDRsUFRAWIB0iIiAdHx8kKDQsJCYxJx8fLT0tMTU3Ojo6Iys/RD84QzQ5OjcBCgoKDQwNGg8PGjclHyU3Nzc3Nzc3Nzc3Nzc3Nzc3Nzc3Nzc3Nzc3Nzc3Nzc3Nzc3Nzc3Nzc3Nzc3Nzc3Nzc3N//AABEIAKAA8AMBIgACEQEDEQH/xAAbAAACAwEBAQAAAAAAAAAAAAACBAEDBQAGB//EAD4QAAIBAwIDBQUFBwQCAwEAAAECAwAEERIhEzFBBSJRYXEUMoGRoSNCUrHBBhVictHw8SRTkuEzgkRUkxb/xAAZAQEBAQEBAQAAAAAAAAAAAAABAAIDBAX/xAAfEQEAAwEAAgMBAQAAAAAAAAAAARESAhMhMUFRA2H/2gAMAwEAAhEDEQA/APTmOh0U6YvKo4XlX2tPlkjHUFKdMXlQmKrSJlKEx07wvKhMXlTEokY6AxU6Y6ApTEkkYqAx08UoClNj0RZKApTxjoDHVYySKUJSnDFQGPyqVEylCUpwx0Bj8qmSpSh0U2Y/KgKUIqVqClMmOh4dQLFKjRTPDPhXcPyqVFDHUaKb4R8KgxHwqFFNFRopsxHwruF5VKieioKU5whXcJarFETHXcOnTGKjhrVap7/g+Vdwa0eFXGLyrw+V68M3hUPBrS4NCYa15FiWcYvKhMXlWiYaAw+Va8gyzTF5UBirSMPlQGA+FMf0WWaYaExeVaRgND7Oem9a8sDMsxovKgMXlWr7MfChNufCnyrLJMPlQmE+Fapg8hQmH0q8pyyjD5UJgrUMQ8KAxU7WWYYPSh4PlWkYqAxVbFM4wjwoTD5VoGKhMVO1RAw0Jix0p8x+VCYvKrSyRMdRw6dMXlUcI06gZJ8PzoWSnTFUcGq4E8kdFRw6dMNQYarhnJIxio0Dwp0w0JhquFl9H4YrtGar9sh/3B8qj22D8Z+VfGvp9SuFvC8agxrVftsHRz8jXe2Q/iP/ABpvpVx+j4a0JjFR7XEeRP8AxoTdxZ94/KmJ6E88pMQoeHjpXe1x+fyofao/P5U66GeUlfIUDKTzqfaYvE/KoNzF4n5Va6GY/QGM0BiPnVhuofH6UBuofxU76GOVTReVAYB4VcbqD8YoDcwf7gp30PHypMNAYPOmDdQfjX50Ju4R99afJ0PHyXMHnQmDzq83kH4x8BQ+2Qf7gHqK1H9Ol4+S5hoTD5Gmva4OkiVBuYj99afJ0vHBQw+RoTD5GnePH+JKEzJ+JKvL0vFBM2/lQmHHSneKvivzoeIvivzp83Q8UEzCPOo4Oad4i/w12tf4afL0vHBEw+dDwfKn+6fw1G34afLLPiggYTnlUGE0+f5RQn0FHmleOCx7SVOdxD/+gqs9uwqce0Rk/wA2a+cmd6kTOdq6+OHPT6Ge3oRzmX4Vy9uwtsJl+NfO+I4POi14GSWPpTiFqX0cdqxldXHgA85RVT9t2yc7mH4Sg18/DyY91j8M0LGRtirDxzRnk3L3w/aC0/8AuRf8quXtiB1BF1Hg8sON6+bMVXaSTvfy0QiKjugn1FWef0al9L/eUIcoZlDAe6WFd+8IzykU+hzXzKRGwCEwOpxVTZC5DD40Z5n7a1L6kb5T975UPtwHLJ+NfLknmiGqOVlP8Bqz96doA4F3P8TRiFqX0z24VBvB5/KvmTdrXwYf62TPgSDV6dvXbIQtwHI5tp3FWFt9Ca99flVTXvgD/wAa+ev2veNgmdx4b1XJ2vfN/wDJcYHPNWVcvohu8/d+a0Buc/dHyrwY7cvDGubhuXMAb1Cdu3qtlJy2OjAEVUvb3LXR/B9KD2v+D6GvIP8AtDdgAkqD5JRD9orpgM8MeekVL29Wbs/goTdN0rzH7+uynJW9BRL+0E6+/Gp8yuKrFdPSe2P4n51DXbHnv615pv2glzvCnxoj23NjL26gedNwJjp6H2r+EV3tX8IrAXtwtyhVvQ1ZH2uzb8AD0NVwq7bftf8AAPnUm8P4TWP+9gpw0T5PWpHakf4HqvkV22B2gw3BfP8AMan95S/ik/5GsmPtKB+ea4dp22+cgj8W1WufxV28oZDsRVgkfbvEZqDHEunDEMdznH0FVE5OynGSdqtt5NpOwJBBPwqRcSFtowR5ik9DHJ0ad/vGpTO4zGfjRs5NtcyhsO7DwCnpXcfWnJiepJyapgt3ncLHKm53IPIeg3o3t3jIAuIyRsQgP61ieoazKHncchkelELiZRgHCnngdKFoH0lizYxknr8v8UKxYJCFifeGVGwonqDkzFcO6DKserN4fComuRK57yjAwO5VSoQM8RdR20py/wA0BxkjiJ3tidv61iejlxAYnALdO6Mj6ULxT47qOE6k4X8zV4MOkCNAw+8eJj5VDxSOGZFl8e6Mgisx/WpWSSlVOMMc+Iq0SJnBTnzCbVbGjzP30kjUKeQqidUifGttJGdROM/LP6VvyWMDdljH2IKxkbajmqRK2oE6SP5aORwjJw3UkjnjIHrS7THVpOARzwlUdnJ1EEi6tOnoMHFQYJG2QjYdf8VVbXZUlH1EdcLir1nUyZjYrnoTzNYnvqJajmFKwTjPcJz4HNVPHInvjTT5lbTlmGfwiq5JUIJK5AHiao/rKxBEs3M6V8980SN4hi2PGnoIbGaORyWj045+NdJZxKupWDj8SnYfGnzwp/l6snG5DZQsPIjrRicq2ZGGR1JqzgA7RyEfX9aDguXAKIcc2atbgRytLMwywBBP3XpguHxqjkBx0YbUucodJcr/AC4oWZ8gAkrn8INZ1bWTIKg91zv0YZ+tcrbENlTnbI2qkS8JcCIY8zRcQMv/AIxjzO9UdDKzWAe9pPoatV0B75fw5g0s6JtnC56A71wgVkUq5JHPFO1lW8Y1Lw3MhxkNuP7+VRFZy6cvIsYPQDOaWlvYVIW3jkOB75k2/IVD3OQrNKSxG40AfXrSKOSiMEYRR0JVGGfmaENAoIKofQk/pSbXIfnI2P4jmojniGS7lvAAAUTKpow3MUeSFcnwTu/0rpJ0lGBogHiTqJ/Ss2e6ieQCBHjGOTNnJ+VdDc4BLcuQ2z+tBXFiwJSUnbGVJzQ8Zzp1M5GdjmgNzqjIjgjJb73ez8ADt8QaqEzEk7aPTwpEm4p2jfIUN4ht6ZhvQhH+liXzQYNJwxs41alGRkJ94jfpTrmNUWNLVzMo+0PMk8xnPLYisTMNREr4Ltyw4ayKxOQhw2fhgGpla6fBe5VAv3VUrtn12/6qgvo0vwHMrcghxpPn4UcEEzGLjPGoBJGWOCMZyTnfyrFt0uUS4VTOMfeVtxjy5VM9s4w2qAuWPdYAY8/Cr7I9lpCjT+0s+PtAoXunOxBJx9KOTtdI1aG7torqAgCPVIVA3xnCac+hNY1JqCfBuMMojUKAMFADk1W3EjnxLEXC47xjPxJ+lCFQSOUjIbJOhjgD4Zz4c6tE0whVgSsZ7wYE7/GnSdxJYnEaww5Kndgu48jvj151B9rWTJKqHAAVEBH6moi1yFmwpz1kGr86pjutIDLEijfAQlcb+RotLEGu40ztw3wRh8jAxyI6bfWiaCN2T7J0U79wnPxySKGS/luIjGzPpZi5BkJGrx3zvVIlkgbKNJkkDOvG+dv7xVaW8GJW0lpAPFtOP1qowiAOeKHy33uY/SrI5276CJVbGkgyNnz9P78aBJftNMkIDk4AhwSfXkaUHQW91hn+/Ki7ybKuQDjdudWpJbqB7VE+tsEKIeQ8cknNCkUctxJHb3NnHEDs8wK6tuXOqzQFZQcMpUZwQVzv60SvA2cqAPFW3pm/hNlbRsq2Nw7BxxmOoA9NI6H1zSyXTycW5upQohRAVIA1E7DSAPUmr2qHFAJV1W8zY5b0L9nzNu5LnxOQf6Vel9Eyg8eIJjfr/iphuUEmr2e5mUnmF2A+POjXUHMBjtrt14SRs2hS2FcZA8d+lCRMy4jZnXxYL+hqyOaaZp+Ck6QN3ZDGcBh8c4+FFPKqh4bUjMajQPbGBxjPLcee1Nj08zcBowQhXC9ASf8AFKGRvL5k1UHPLJxXZGd67fDit4g04wD6ioyTtjAoFyW2IXzxVxiVMZckHngcvj8arQoJUhYM0Mcm/JyQPoRTXFSZzwbIB+qJqAxjxzVMccawsYnQyjbQRqZvMH4/SijaRQM4bTtpk3wfIUVZUhplHd1A+Qq6KKWXAfCpnmds1bx5xuxbJ5DVkk0ImOpc62znTsCSPhvV7XpqWvaDw6FjiURBiO7nfI+vy611tfRRMSicDOWJU6id/P8AOskXRyisXZt8JsNOf12G9WOF0bqRvucnC5/vaszzP21Etdr+GeQieEz4K6TI2rfpgGrezbe67QUcEzS8DCRaWGAcdAx+ledZ5GuUjjySG2GOZP8Amt64eKG2FlFHbTsQY1meBS+OpzkkbnFYmGoO8P8AdsssVwA97pGRMobBO426c6XtIRwTIcTTRku8XAL79F7p7o9PKidIngtrK3sY4pQTIWhGuThDqSGO58xyxSaWpuLk2iSyMobKyjujV+HxJ9M4welZMr7hGW6MjyoZJE70SqV4e42y3Mnc+G1MWsHGumUSWsYuJGMbXFwAqjBxq5AcqTsbh1F2zxzZc6IWt1G7Lkb+P571W088CmRrhWnI7qNGSz5xnAK/3ilD7RhuOyyPaZ7aXiEnVbTpIPpyqqRkGGaN+9uFY4FdZwRSy6rorxGy+iRdgOpOCMenSimhZI4zP3FZmCEH3wT3c53xttzoVWqFzGjaWIDAYIXamkmjljX7VQQdtR+dCIgZT/piVB2wgbUPTmKatra3mlK8BUOM4Kgb9axPcQ1z/NSsdvglZIix31KoBx4A9B1xTVzcyySGQ3bOTGIxJI4dlH8zBiB6YpSW3t4ZOGIdLRv89sVXDaxxFjbl4yRuVY0x1CnmvRiWVUjSdrSy9uwFVLYFVIyQDmNsE7b4AqLjiPKIlaRomQANKjZDDmoZgTnrgHlV8NuVQtDhnxglSA2PMY3qmVXmgeKYata6STGuR8cZp3CxJctFHCIzZs1wyYRgzB8+OgJv6eVWW1nYt37669k1J3dULNq8wPH1p+SGC5wzW1jC66SBBGY8Y6YHQ8j5UUsVvxGASSEMToaKeQYPpnnVqFmWQjWkGuOCVZUOTxWh3xvnrVrX0pjDRTBsrjWmoYHpkimeHChtmSKcmIktnUxfI3xqU4Od6NuzOKbmV5cmT3H4qEBcDAOpefmK1qGakF32Re23ZUUzxolur62/1iniDrlQ2/wpeGcq0ixXCqWGBwFJjVeWw9McuVPf/wA7HcyG57PkkaPH2mmeFXVwBnAUjII61w7FaC0e0hQ63XiOwZdQwdjs3Lyq1CzP48ZFbMwYMy4UZ8AefWrIraMuMrrzkZPdxn4fpVlx2paceYwQ6VkXG55HyFLy3r5jEaA4GO7/AI8q6XMsUdjhdZ2iXGIsYzjJocK7B3dtJOlgOR60o1/cSMHiiOVGnOOdUk3Mh1MwVvyrPtemlM1sqsFcROF2fIyf6Ut7ZAULtIdYPuHkfOq2suCFMpDM2+w2+eauiiiMmDGjKvVD7x8Bmkl/bVEg5BQN8ZJ+dWe1oEJVyMnLHr5bVdGoPdaMHIOSV2H65qHjheM64gWyMZG9V0qUNdRNCFKlZD/DkHzNHb3JZlt10xljkM230piIx8UlVIVBgZI323Pp/wBVeBHG2uaLiFl7qq2nHhn1onpU0bKLs/s6xkPaHZ9w91I/2dwJwgVRzwBvnPWlPtYUkuXLmPQQo7zN12DfP1qyVZYo7db9JFJwyotrtoI236+lUTyS3lwY4Xl4CnCrjTnG3Lp4eNZNNiSwlttN+t3a3CyMgjSOdJmdhyRl2zy3xRSyX/ZiTSNKkUk4YPLpwWZhyXpsMj41mxS9lqOE9hK7KxWSYIuc53B3B29Kr7SlsWjjFlDLxeJgux91eZ69azf018fByGYdipOEk7JvANIWKQOWORsUwOmd6nsW3dO1sez8e+YkiGIIVGxPMnCn+lZdi6LcrPM8zHH2ZVsuuG5ZOcA4PTwrXg7I7Q7StUmjmjWEzGXhTsTnHiQP78qJkwflnuHmMU0S+0QMH4ERGi36hiyk6j4gVq2aRzBZbmf2qYjIJOQoO/dB5D60la/tRa+0Na33ZgSWNzEG7OXAOOZ0ncjny+VU9odvW0ZlFnrGTphS7QayPxafug9M71j3P06RX6d7Rlinl9mgto5rgrlmYYWFfxMf06/Wsa6JtbuNI5dTIpBJIGPU+e21Ur2xPFG8cEAiMxJM+SSx+P50gXlfYZ8SSOtVR8DX2vu3JvHfjFzp5BgV9Ryqm1v0k0pgk7940P2ZJ4m+nmSOVVCFOLxIQxJG2CNGfOn0z/rd7OFlcM4ubgArsATj61v299ZRaRbwpBOOftYJ1+YavDwM7FhMBxAc5Xp8a0LaWU91XLg78Nh+VYnlvnp6a9JuCfaG4OeQmXVF8HXlSDRG2OrGkfiGJI2+I5fGqbTtRbWFo1zG5OxI1Jj0NXLKgw8kTQlxkSQbr8RWY9N2qkeM/aJEiEcmHeFXdnO17I0Nnd24cgFonJjLnrgAb/nXNbmRS8arOBzkgOGHqtLLbqzgrolxzVl0t8jzrVhrL2PLcARXE5VlyRAzEBv/AGJ3NZt12M8FwGZXDLsGd8EY5YPT405w3v5IRdXNynDGF0nAPrnOPrSvaESC440MweREHfknBZ9vd8cVRImIeFa3hCgQwv72ckjH161aSsbxuLdl0rgBSNyOpNLTzGTIWMPGp3ZQdNXpJCIdWVMrEaV08/rtXomZeaksxSNw+kSSEtnPvDwxjA50xHFcMMC3Vg2O+N1UEHr0oEtuPC8mAMd0CMA45bnfP+a4B+JHGjO6DvSOJNOD4DyFFyYhfBA6qC5RADuenhnc1VoOphk5xzDYP5bUre3pkj4DAuC2WbVq1k9M4xgVRIW7kqCMEjTpXoPM9aoJ/Z9a64Q45KApAPnuKnQ5A+zJ0jcYYb+vnQ9mW4vA1zdYSKMZUJH77eGOv9a2JgVWKON42m+8gQnTt13pRCO1cx6iFjRd2UMSSPD+/KtASWD2rxstvLKU7rO5RlI6jvjPxFUwwzPbtcxQJMkW0aMwVfMsN8+lKztE1qiQ2weX35J2GkEk+6qg7ep2olND95yySK0bapWw2OoNUC1dULrIV4rEO6nIds7nffzpp/2euXgRlaFZsZ0g89vEf4pC0uIBOxv1eQRZyiSY0nx2P61loUSJbIVi2G5OvJNZpdnY6ZEG5Pvc69dax9nX1wVtxctMBqKRs7ED0323FFN2VZKhlaa7SPPvTQrpGT4so/OoZea7Ogh4SRTO5AbIeNu8o9OVeqt7a8WMJZ9uW7QjGlXiUnFY3aCdmWttI1vfRSy+6gSFdWfMjl16Vl2pjkctK1wSO79hEja26NhiPpR9n4afZEDn9oCmp5WikkJeIhcnVz36VZ+0DvddpPDdFjHBghTGobcctXUf1qizi7St5RdxWscncweLHy8xg7GguIbq6ubiSeFIA6rgayVyPM8qrSiZy0qq8gCjGhetC96kcWo6zk4AxmoXiLKC4LaRu7AfpQBcFwsoyfu55UJImSRiqOEbOo5Bzt+nlTcKFyEZ4xkZLNsP+qRjiViruO/nGsA4+lMWTtEZDNqfhuNKgYyvr/1RJhpW9tAXlaWURiNCztq29P8AurLZU1rDwHF2qcSExMHSTHnnn5Yp03fZd2p9pQgkgEMvTwyKWhWziv4D2ZqiHEJ2bkBuceXLnWbbejtbGJbZluY01bBUKlyB1IA6dPj8q4uxbeSASIpWUjGpAY8f+mdqokeS9m4k7rE8aEKXfA+GMZPrTadpsLB7e1WB7kvvM0uCngACN+vWse3T0TfsmSIPJ7QNKDUXVdLY9AcH6Ukl7xe7Mkd2B19xxW1xp5bCQXcAjYqwKoc7b7g15WJYi8bRTkENsHXBBHTanlnpuWkilZOCWZRtw7gcvLNUzrbSHTIr2EniRrjPoedNdpkNakSKHAGccj86yo5XQYhmyu32cuMVR7UxTyMEwigLSGMRAhsSrkt4YFDYcAStIcIeZMp2z5daK3Thx+02rxB0wNbjbnUO5MAY+zqhz3ycb+nr416nmUsVBLGcw5PvBW00Zi1usTsZtQAVdR7ud/Gr7VluYuFGVA5xyELnzGPh1qp1uo3eIIiQuMF8ZJG22f7NBVMhMZ+zhKry75zzIwPiKloHku0tYUdlBCsyIC3hmjuZH7PxFFoErDvMoGUA5L67nNaHZGiyiM8jRqzDW8ndYjrgDxNSaCQR26LCHnt0T/wroBJyMFj3efMb779KDsZbP2uQdqCRY92kRBhiPA6eQ351RPPfXCo8oUhgJJUC7qB7o+fSr7hLSTsoY7TZ3lwXiSfIJz7oXqckVSoWrbp212oLdNVh2XENMcZmMhUeJJzzxyJ22p274dlJLZdjg3ENugM0wh1kE8lAyRnz5fKs62R4JZY7PtExPjU4C50gbHvYO30q20mv7WGLgzRDisREBGQ7788qQTkn61n49tWzpri7EIt0eUqrsRE2Cc+DYG/oNvlWr2T+x97fWEl5JdW8BQe4dyp/ix7tde23bcHaEVxeQSSyyIYYFZ3fHPOnJJJ5/KqrsPFbrYt2cbFZiHdGLLxAPFTzqibVfcs63kubK5cQyGORQUJgkI1AHBwwPlToue1u1Fe2ee/eycgSo87mNMbjIJ8uVMxW9lD2e6C2nubyaEMpbVELdTyONtXj15cqz7uK/wCyJ9SO0ZfAE0e4Jx4ddqLJiPs2GKSWG6VZbxeWqYJEpPI5G7cuRwPEUqkwk7ZkuLRBEgkUoqYA5gDHSrOPFDamSyW6jmAKuM5jJbOXY47x2Ozdap7IRT2gjXLaLePBm1jYjGy+p56fKlPT3F/dI6DtBxBC0zAs6xkKozjB05OcfX0rEvr0dprdlFeKNHAR/wAQycMPWs2+uOJcFyAd8rEudCfDNX9ljjLcBmyS0e5OMb1iWoKTGdnB0x5XltzquYPgGQRnO51E5+HhT6KZGAwee+9TpIbSds9TRpZspbRmM5LIcj3MZDDpvWlZgI6sVYkEak/KqY+42OY8qbhkTBDoSOQON8+tE9GODT9mSNcGcRFkA1YG4+dVMkTQwrGiiYapCCcMNshQfTwqz7RFKRzOFYd5SxG1QBESYngZ41OrWo1HB6UGYoaGFo0t21SI6gu5GCrkdD5HxpZ1a1leJ0142Q6gCf7/AK1PtCQM5FpH72ArFSMj4771Wsksw4ch4qNuYyob+/Wqg0eyu0Z45uCXJjK7Rud8nwqO0TAsazhViuGYB41cENjrilbbs6QNrVpAm/2EhDfLwpJ4zEQrIFcc9tzVMDUvQR9oxXca25Qq7jA8KyGcnAG2P6UFgWWdeGG94HGSaZuole6kzGYxnu4Oc+dVezfp/9k="
,,,,,
,,,,,
Newport Beach,The surfspot that I surf the most when I am home,33.365781,-117.555215,https://www.newportbeachca.gov/,"data:image/jpeg;base64,/9j/4AAQSkZJRgABAQAAAQABAAD/2wCEAAkGBwgHBgkIBwgKCgkLDRYPDQwMDRsUFRAWIB0iIiAdHx8kKDQsJCYxJx8fLT0tMTU3Ojo6Iys/RD84QzQ5OjcBCgoKDQwNGg8PGjclHyU3Nzc3Nzc3Nzc3Nzc3Nzc3Nzc3Nzc3Nzc3Nzc3Nzc3Nzc3Nzc3Nzc3Nzc3Nzc3Nzc3N//AABEIAKAA8AMBIgACEQEDEQH/xAAbAAACAwEBAQAAAAAAAAAAAAACBAEDBQAGB//EADoQAAIBAwIEBAQDBwQDAQEAAAECAwAEERIhBTFBURMiYXEUMoGRQqHBBhVSYrHR8CNy4fEzQ5KiB//EABoBAAIDAQEAAAAAAAAAAAAAAAECAAMEBQb/xAAnEQACAgIBBAIBBQEAAAAAAAAAAQIRAxIhBBMxQTJRYRQiM3GBBf/aAAwDAQACEQMRAD8A9Frrte1ZXinua7xD3P3r0vJ5bto1S47io8Rf4h96yzI3c1Akb1NAHaRrCdV/GPvRfHY21GsfxSOdSJfWl1QdEjX/AHg3r96g3z4+T86yfGrvFHc0NF9Bo1P3g/YfQ13xzN0b71lGTPWu8QfxGhqvoOqZr/FN2YVPxZHMkVlCZujfeu8Vm2zmhqHSJqrd5/FR/F/zGslWI+lT4poaoOiNYXgPJ6Nbo/x1jiT0ohIB/wB0NUHto1/iT/HXfF4/9n51lCTPIE/WuJHY0KRO2a3xf85Nd8T61kah0zUhyOtHUGiNUXNT8V6mszxH/wANR4rVKD20afxNT8VWX4+OZqPH9aNAeNGobo1HxRrM8f8AmH3qDMehH3o0TRGp8X/Ma43f8xrIa5K86D4nPWm0BqjZ+M/mNcbysQ3J71W07H8VFQJqinxCTg4HvUEt0x96W8fURoU5653/ACqTLIvNFA9qjky/QuYuOR+1dmQfj5+uKrDZGwT2Jrt+yn60u5O0WeYc5F/+s12c/izVXm7LQltPM/kam4HjGhyzmpVc9h7mlPGGalpMcio+tDZhUUOZGcCo0k8sfWlBJt8w+9d43d1NC2HVDXm6EUQUgbuAfSkWkByfEA+oFVeMORcZqWDVfRpBmB+cHvvVgPqPvWUJwDgPt6Vxm7b/AFxUaCl+DWDDGa7VnkF+9ZHxOVwF/wD1XeM3RR9TUolGvq+nrmuLH8Mo+9ZIutvMqj6mi+MHVV+1DkNI0S2PmcE13iL3FZ/xYx+H7UBusN137LTA1NIyqOoqFmY7hhj3rP8Ain9PsKjx3Y9QB6CiGjQMpz8wP1qXlL7kfnSOrJwz47cqrYHJ/wBRh9P+aiYKHjLjkAaHxc8gM+lIFWXdZMn+lT48y7M2exxTpg1HvEydyagyBelICeYZ3O1R4skhxqIpkDWx5peXOuMw7/lWe8kw21nauSSVd85HrTcC6i4uJuWdu1R4shO7k+lQUUDcAD86ESBBg4B7envWXuI19poLxCeZqfFboxofEQ84gfXWaHILjC7HpmjsDQtDyHcOfvUl5f4zmqjn8IPsK45C5Gc+tTZA0LA0n4nP3qTk/ioBvsedEoXIBB36ig5oix2ccgbnNRinl4ZKx8qkjGQdQo/3TdAZEWofytvVf6iCG7EvSM/foajUc8/yp88PmHlEUmrr1NQLYxodUcikdWTaj34keCV+BVXlHQY6VwuGycrmr3t8t5m575AqvwY1/wDYW9gaPdj9k7ciDMMbKPtQCfHWr2jjXBCu69RUNBEULI2/btUWWJO0yv4lic5z7iuNxjmCfaoWLWPl/Oi+G2HmByenOm3QNWB8SP4fuK5bob5QYovAYMQoyo6moNvIpyqqc8tqm6Jow0lU881apRTlSDnvzqhYpNO6hWzzztQmLU2Gz/uVqOyBoy7zE4ALdqIJMQNj9RVSrJuIpDlemNx964/EIcF2BIzgiopIDiy8RzDdgvvnBojHpXLzIx7GlRJID58jbtzqGY96sjHYqlKSGRIAMZoGdMbKQ3fVt9sUrqPehLHucVcsaKpZJMaafy48NM9yKrNzJjAbHtS5Y96AtVigkUuUn7HPh4IVYa2DLsSw2z2o1a3ycySZPQVW8iqDGzx6ZMHSDpOcc9/z+tJlwTpLggdAckD6VxFJy9nelS9DqDUfI7EZPlZsihYoAM4zv8vSl1RcEpIpA5ncH7UcSxllJAcdznP9qL/sHktjkiMrqGfHVgcdK50QqW+UA7DVzrgsRcCLVGfxMQCMem+31oTEVJ8UhznY550mwdeOQljYglcagcYYAVcsJJULJGAcnaQDalhGwYkMOuC2P0Ga6VQT8unzfMF/tUt/ZEl9DQaSNggdsdw/6UMc0qtpZZtRz8xO9KSSyJv5sMTjJ5j2ofHcadLqrD0AOPehRLocE0q6RpIyMjJPIVZBcSOW8NpC3UrJik/GGS0kjMWHVuYqsFcYCsSMjaP9an+A2NE3lypLNKjsNtWhXP3qbm71MuqGI45tp05/pWZM+ZQoUg8skcjTSxSFBiUEH5cj/mo/sFsd1xMwQRRKxUFMts59KoeVlY6oosL3/wC6VmtpXABeHAPTmarW1kdgH8TR6f3oqvJLb4ouadS2ZSozvsdhV0ID5ZN19+dUmNVOmO1YMuxIXUaMSuB5420Dn5TR2XoigwzIQR5myDyCmmYEuJSfCic55lth9aC0m1yoizJGSdmOOfua2OLXSm3SG4/8iDytCRpc9+e9IpOUtUHJWOOxn/uzfxJbmBB/CHAP251KG0gfecygfh8PIP3pFnToKpZq2RwWqkzC+qkncUaXEeJJcTsYFeOIgAAHl9az5HVzlsk92Oaqz2oSxrTCEYqkZ3Nt22E2npQlqEtQE1chG7DJoCagtQFqZAC1VBNCW2oCdqYBYRxMaZPCYEjyaMED86ofx4z4kiqS/wAp051eu1aF3xVRgLdPMkDARZOO3IA/rWbFemEOqhjq5qVA2+9cdSv0dpxr2diZgDGGGRk5GNqshVubMg+9LvLlldI1AHRSf7VbDeRxnUkOHznxC5OPpyoNkpDSeLg4TPYg86sOvY6s4O+9UC/aZtaysnl5KAQT3x0quS5LhVeQ6RlsEAZPfbNIFIbRmHnDAD1G1cZS6l28POc7nBPtjNJRSOkbaEyRuVO/PsT1+lHEZhKpe2B2OC8eV96D4COa3PLSz5G0bAnGO1chLAI8elQQd8HHvVJuHJZCUjX+EJpzg9/rUL4jMFJB0nPlTJpXIlDSRRBl1xLINWN+XT1q6ERJqbQCQ2NKPz6nFAoZHQNkYxgeHzz1xUKLwroMQ3ORIy6Ad+ppdrDSRfmT/Um8wVUOdRPPvvUwmCVycO4TcyqPL9O9C8WYUSSUscltKnUATUNcyI6YZggGnGANvzoqE5ehXkxxfLLDAk8zM3iac55cv0oxDHAuWc6kXIOASN+1CJpJCpymc8u/2rpog2fKsZJ3GlgP1pXGS4Y6yRfguWJ5IUliZjGSfMu5bffbG1UyIyspVp1xnIOB7GhWaOOVoYpG1IAQwIX8+QNORXUZZW4iJZ1LaNpSpB7UqlGPMgzjOXx4E2uHQho/9M8sg71STIyhdRI7GvWR8A4ZxK1L2ck0Ew5o76gDXkuIWstlO0UjeYHpWrpeow5XUPKMXU4cuL+TwAcjmDVbMBsSKqZ2PU/egPLet8TDVl7uBjQcjrtigMmap5cqjPenJRcxIoC1V6iDsa5nLc8fSmQKDyKAmgJwK4mmsFBFqAtUE0OrBo2ShRQ3hCQwgA/xUaxNIj4iXCjUQDg4z716yyfgoRReWdw1wv4tflJxjpj3peaG3Wd3spvDBPlR10rj3FciU+ao7CcXyjzsdu2dopAOuG2q2K2fY4xG/TnjFept4QyZfQRyLi4OCf8AbjP510cWLgBrdVQrkOjsd88yMj12qmeUsjFHndCaikRZT7D6VZ8JJJhg4Mp2YafK/b1Fei+HtRMJrqWeWNGD6ZFGnV0wRyHvVPE7S5aMRCN0C5fXHjLDnnI6b9KqWWmXapmLaM8zyExap+sTEqoNWw3UjAG9jErKdOkMVEZ/2gjP3p2Dh1/JaqvDZ4JQd9gNXttvVXgXBuQnEFKsGLAIm7YHzEbk/wCd6DnyFxj4GYprN2AjgAdjhUaE+XYd856da0jFdxrqSOVF54RNhtWbdTpKI1jjbTjA1KMeuaXto5rm5OJwqqunSjnSPUZ5UW68lSj5ZoM8jS5d2BI3RiMULF1UtGQmHIwBq+m/rSAeRSdc5Y6sEYzsP0olnZrgCSV1TJPiDBIHQAY5+v8AWjo/QqyL2OyqqIqyCMFjsSCpz2oFt1lVSEkRc4UHBz9KReR2n8QE5U+XPMf81aZ5mlR3cq2Njyq2Mci9lMp4X6LJLVowWG64HoRVWojYE/8A1n60JLlw6J4vU6n2H5VCPdDUxjtyy4IUqQGH3qxTdU+SpwT5jwOAyMuNIbJ6rkVbcWqw3iAKke6oyrgAHG+B0Gaqa51zIyqI1YfKCcKfQdv71X8VIDpMpAYY3Axv3H+Gs2Ryk+FRrxax8yNtP2jThyxQvBKSABqQKNfvSnFVg4srXVoXEo3eNl9KTtZeKWcitI4kl+VGA1K42G3+da9DY/tHbugS+tzHq5vpGPSsa2wT3iuTZNRzx1k+Dw0nkbSc59qDUDyyfpXv7zgnDuJnXa3McUh/COv0515viX7OX1lklPEj/iTcV1cHX4snDdM5GfosuL1a/Bhk0Jo3jdCdQx6VU3rXQUk/BhZxNCTUZqDinTJRxNCWriD3oaNhonVQFqk0BpgUelms7dQFibzNhdclzpyx6YyQfalbaz4gA0McaXDSNpVsyMc4/iB2pKa+u7KeEx3LQ3MD+UhmZi2Ns/pmnIeOcZtJMx8TkjkKZbU2A/TcHma8w+4vZ6RRT9Flxwrj9uFa7twEOAgJAz3O/bvSKTTSFldJQ5PkGMah3Bp+/wCNT3Itjc38/hgEbylFbfdcDAbfJzvS1xdgJKdWm2EmohjgDbA32J/77UU5eyUkLK1yAdE5jVmxgvkHA51MU92RHma4DCTCOhKkeoPIfSi0CbRHPdz/AA4BKRJsFJHP1AON/wC9S7jzeCyGCFjs4wo36he5JouTBqWQ8TlCE6zMwyA5Qs2QM5zuaKS5LFHnjeHfSAMgsfc86u/eSizQG0ga31AxMYAVY9zkbe2KqvOISXkBiuWd84AiWDzNnlg8h7+9KnILii2MNKv+nLGEJOCfKwOOXYE74rpWuVZda6Qpx52UhxnqR223596otReNbiOaFQGbQ6eMMYG421YFNL8VBcEMheCQjKKrM2rGFOB15/Shb8A1S5LTw26aNp441Mb7pJny564PWnJLODhVkfjFZ76dMxqzZAU/jOD9q0La8m4XwWOS6DNDC7LbwSrobUxy2x3xuK8td3sl3cSTTuS0pyQDt6D2HIVf08JydyMvU5IRWsS4vnmAp3yc1p24W3s3coPHmACgrkoPTPU/0FZ1lCZV8YnEMZy7cz7AdT6CrbriFukhD3PiMPmxFhjy7e9N1OSlqidFg2ls/ALyxqWfT5sZkDYGfb61HiM8oki8MBcBlO+r9NqAk3UDNa6ShHkdYyBk/wAQI/zbpRLBJ4KCW5jDHSGGeeO5GR679qxx2fJ0pOCVMbu0iufPabTD54h35kgUiDMVwAPXYVBtC0kUkRJEefOkZPXvRaPGncJKA6/NzY/ZQe1bseTipnLzYo3+zkmGaRHyANhsoOMHuKYheTwmKkFM4xgNjvkH+ooFtbgxlmikVQAcsg/vVp4dcAqIzrd/kVQdTD0oT7cvY2LuQ9ALcm3aOWGVvDHy5bSVwemf1zXprH9rIpbfDRvKVHNcV5C9SRJUSdwSM/6bEEj9RVsVmTDEJAkSkEqryqAemQuc9uVZc/TqUbkasWdXSPSXX7v4lgPaKFfkwcA557Y6+9ZfFP2WQRNLw661lRloJ/Iw9jyP5VkxXE9jGsguX1MdKopG+ORBz/Wta2/aGdAQ6xTlTgHxMZ/29STVmLLlwpU7RXm6bFm88M8rJGUbfpVRNe4eTgV/lpWiE3MjIw3sds1kcS4dw8FZYZEjjf5Sh1L9RzFdHD10J8M52bosmJX5R53NdmnZ+HvEhkTLx5wHA8tKFcVtU0/BiYJqtjUsd6EtTphNSV5IVjiKI4Ubuoyoz6fr/wAVDQ/M4WaBCCxDqNeOQwPXn7U5axXN3eHiN3ePEjqqlLW2coBz3ZgCoHMkDPrTMN1E0zYvEWYjnIrSMwPMAEaQNuWa8y5UenSvwYUshdpYDPIFcjSZI9bHtuN+9cSzRtGyFtXzeLqGV5DPYZ7+vKt64vVkfUsxgVn0t/p+IzLp54xtypBeJxQwGSSzmncMVh8aNkYrncnG2dxt+dRT4FaMvwZfC0x2mHjAwVmDn755fameH8JuJmbwkhYthJIluYkd9tXIt/DvjpW6OIXXErCOGGWytZfDaN0kmiQy+byMCx22OMDtzHKkbTilnw7hty09tML0SggY05fBBIbDL98e9TcFChhvYWKW6xxSYCs8hClO+GO2f69K0+F2VtPfQ2zM1s0ikrcTDKtjfY5wB19dq7hl2ZvEtZbOSKGVzqaY6l3OxV1OMA4Oe3egt7lVu5X4dZwzgSCNZlKlNOBkiQjcfrS7fZGjWvLi4t3MCcRiuoWbaaJg45d/qdvz50xwm7iaA2/7yli+HJd4vh3GQTzA5EnHTNYqw2lzNcNJ8Uk0PlATw0j1HvhTn3zS1va8Wh4lIhEggQ/hCmR/9owc7dM0Nl7JXA3+1F3d3/EVluEkSMIBDGY2QIvbBA323I2rLitpp11RRsy7DIIx+dafFLuVcWkd74xkw6CWJoyoH4WVhgemM8qpeaZ1jguHaOR104Gwb6gY/wA6861w6uopJGR9Hbuy+Lh/GGSGCKN3AbWsMeHxnGTkeU9OtJz2h4jLLbeWVFUxvI4WNQ+QQoOc59SAPWnXiubPUjs2AdLNDsEx3x0/SldMzr4nwLSy+IU8R2UFue/bPLGSOdVSyNvakXxxKK1ti0pNklvaNKyor+KggKOy6Tv5lyOvLNMy8YluLzx475nXCoPCifUncciD9CRTMWgpH4MauFADRhxjrn/PeuAkScRxwSRF1A1M+FUdfSk2Rbq16Dlvrdlc3c0ksROdcpw5YHlpJ2GKol4nalXjgEUcYBVV+Vtj6+ncijHxMXieFw0SuT/5AVUAHfJb6Vo2llLPE6SiKKcHLrqLDPUAkf52pXOKBTYsl6FWJxKrsyj/AMN4HXAByQqsdI965LmQ5aKUhigzpZm2+m+P61tWv7NT3YLCz0ggYaQBEI6+tMNwbg3DTqv7+JGVf/Hb7ZGOXc/lVfei/BJQUfkeYeAusemCNWfyp4e3mA5jPQ/5in7DgV/MgRYJdzlnkOhMb9/0rRm/aXgvDrcHhdrG8oPl1qSQO5J/oKwOJftdxG9BUuI1znyZFXxx58vqjPLqcGJ8Ozcfgljw2LXe3CoQMFYMAn0yemc1g3F9wqPWsC3bqfwSyHSfcdaxp7+4uMeLKx08smlWck71sxdE182Ysv8A0JS4gqNh+NyqgW3WKFBvpRAKQueIy3BJlOonqRSRY0DNW2GCEfCMks2WfyYbkHcAfaqyhwGwQO6mu112tfDxvqByDV6SQqv7OoTU+L5NOgZzz60IbzZPLtTho91AbNLd5baZ4XQIA3gbYAxp35ZG25zRNYWU05a2yHUprCvyVjtnJPX0x61n3X7xiUN+8nBlcMUSIDPuNxSycSIikthN4SJJspiCqu3IY5Df2rx3dXJ6yOKXk07qC4tA2o2l0IxqXDYkUgnGQM7gZ5EbZ50vd8QLW/8ApwPrMWkFCUOSd85XPLGMdc8qSCmVtPxKvv1JpiO0YDKzxvjmA2SPpQ71eh+x+TFjnv7cow0sVGseM2XQdicYPTpz+9VLx3iiBlhlYOwAL7Hy9+R5n+tblxCAuJJNGBkhk2Ofer7S1spMqk0kcmnIaOMEAj03z9qs/UJ+UJLp68HnpeMXV1H8POFlxiNzIvzfQYI5flTcEcbTxCCMZ/E5UgKuOQHP23rVgsrJkytkdsFsuPMe+9BPFAQPEgjUKd1BOo75xz2+lB5o+hezIosuF3LPgTsqOCUjDE4ycg5zz/uRXsLDgUawxn4iSKUNktHLgsfXbFYlhdFJBIUHkB0b7FvbNNXnHNKRhWXUWwzRjdR6A5GaxdTLLNpY3RbjxKPMg72wlt55o7y2aeN1x4yFjn3ydv715yS1WWVoVS4RAuoLORlWBGcEdMEEVv3vGZrJ0VbsXRcAhgmNPptz+1KcZ4nczcP1iRGAjLKSgUkaiBn6Vfgnl8TEyQivBn20jW0T2rmaTJz4hfPlzjJ9uoHaroDiAabozSKfD8OPBRjn5snGwz/3S8lqDc+FKJjBbKrNgKzSv/MR+H0zv1Fei4da2UFqjOqPLOmou34VI8qjsd960uVcFXuylYhhV1RwlB5hGg8xOQCBzH505acOku2ACmWYn+M4G3QAHH1q6Cwe5uVt7Zy8jjBdSGCr0Az0716+Gzt+CWWmBB0aRupHXH9qzZc2r1XkZR4sxIv2ehtIFHEL5LeE4Zo1OSTjqTXPxjgfCbWVrB4PHTYCTUzyDvqNL/8A9DjS2hgntZonEx1aJNRb3HTFfOJGywZ63YOh3V5GcrqevlB6wR6bjH7bX92HSLTGh5MDvXmJ7uWZi0sjMx5mqmYNgE4+lAyZOzDFdXF0+OHxRyp5sk/kwS1CWNQwx1oCa0pFdEljUaqHNCTirEhkiS1RmozmhO1MgpHHnXV2aimGOqQSM46jFDmoJo2E9zcXDzzAuhViSHcqCSPXfH2FHKWZUjWZwoBClY9OfTNZ+u6dSY1IVkDCRlRkGeeTjbfI2qyPiBFtNDJcxs+A0ZCLj2wBzPt0rwlP0e22FuI2UC3LkrqzzYMF+vLn9aJ7BUjVozdFh82XCnHTbI2ro7m6kijmklUDOn5QuDnqKK64vcIvjGERW8ahRMYFYtv3Ix9uVN+7wJwgbjh0KRsJoroTP8oa4Q7dCQaz/h72zhDQnWoGCGC4yT3Bp+GS8u3kNlGbhiNQC2+vO2BvjGf7VD2XG5QJLxoraPAyJpNIQ42OkY/7qxKRXKUfsUi4jxRAVlSFFJ0gMVXA7HHOnVuZEfXJZwSIiliYz4nIczvyFMcO4BdzxK8l4JtX+muiI4JK+h78+1Wy8Be1kCxzTEtlX8C3jCjJwOQLD6npTOFid6hGPihaWPw4DKHyRp3bbsoGKovOItbwFri1NuNXl1JgnPvvW+/DeIiNUhkuZkRtWr4h+X0GSNgf8NSODcPVJZJkkLZDNIAxG/Q9um/bNBQXsLzMyYIxc26CV4IVkGpSJYvODyznODz7c6Zexto7YQNdxvEy4IkkBUDsMAVqScPtgogTg7LGFDEjUBj2B3BwdvrRz2tvZWeAkUEHmwEGMsRnBB+m2KmtPgVz2POyRyxsk1tdq8cxCaG+WUDoTyGPofU1ocOm4rfSQK86paW2Q0cKbkdievLr2qFt7nil78MY2KKo1O5IAXGOmMHG4r2n7I8GVpI5ApW0tj5ARsW9B+f2o5MigrEXPk3OAcNTh9nqKaZZcFsj5R0FX8QkjKaX3LAgY57b07KcAntvXhP2wuZ1kXwC+QTnR0Hb686xdPF5svIuafbxuRjcW4zYXcNxDcWA1EjwJo5CGXHQg7Ec68hMylvLy7GnL5QHJRwQSDqHM7daz8HJyK9Xgioo8vmm5S5Bf2xVLbVLScxVbNmtSESOY1WTU5oSacZI7NQajNQTTpjJHZrs1GajNGxjq6hzXUwTiaquJPDiZqs61n8Vk0xBe9JknrByLMUdpJH/2Q=="
,,,,,
,,,,,
Sands Beach,My favorite surfspot up here at UCSB,34.4113,-119.8766,https://www.travelgrom.com/surf-spots/santa-barbara/sands-beach-isla-vista,https://lh5.googleusercontent.com/p/AF1QipNQRuvxhsUTmxicbn7A2KAwu2Y5yCxeCqbIcy_T=w90-h160-k-no
,,,,,
,,,,,
Yosemite,"Where I would always go camping as a kid, beautiful landscape ",37.444405,-119.353697,https://www.nps.gov/yose/index.htm,https://lh5.googleusercontent.com/proxy/RTVav0aCAp40RdI6yxrfqRuAgOagO7xmfzqbdlBYVVBxzvlr-6ilUsQPggKCW7LwLYEmkSkL3F0NGJxXQoSszZFE2d7mTLpofWEZjab90_bvweXyAY7Ez9M3IxI_6F3S4q11K8yG6Y7KliQfiCVSF1VoNJ2Ghg=w239-h160-k-no
,,,,,
,,,,,
Cardiff by the Sea,"Another camping spot that I would always go, really nice surfing area",33.011498,-117.164403,http://www.cardiffbythesea.org/,"data:image/jpeg;base64,/9j/4AAQSkZJRgABAQAAAQABAAD/2wCEAAkGBwgHBgkIBwgKCgkLDRYPDQwMDRsUFRAWIB0iIiAdHx8kKDQsJCYxJx8fLT0tMTU3Ojo6Iys/RD84QzQ5OjcBCgoKDQwNGg8PGjclHyU3Nzc3Nzc3Nzc3Nzc3Nzc3Nzc3Nzc3Nzc3Nzc3Nzc3Nzc3Nzc3Nzc3Nzc3Nzc3Nzc3N//AABEIAKAA8QMBIgACEQEDEQH/xAAbAAACAwEBAQAAAAAAAAAAAAAEBQECAwYAB//EAEIQAAIBAwIEAwUFBQYFBQEAAAECAwAEERIhBTFBYRMiURRxgZGhBjKxwdEVI0JT8FKSk6Lh8TNDVGJyJDRVgtIH/8QAGwEAAwEBAQEBAAAAAAAAAAAAAAECAwQFBwb/xAAmEQACAQQCAwACAwEBAAAAAAAAAQIDERIhEzEEQVEiYRRScYEy/9oADAMBAAIRAxEAPwDnvCqDHRxi7VBh7V9G5D8xYAMVe8OjvB7VBiFPMWICY6jw6OMIqPB7U+QWICY6jw6O8LtUeF2p8grAXh17RRvhVHhdqfIKwForxSjPB7V7we1HIFmBhK9oNGiHtUiHtRyBiwLQfSveGfSjvB7VPg9qXIGIF4ZrwjPpRwh7VYQ9qXKGIAIu1XEVG+D2qfB7UuQMQMRVIio0Q9qsIe1S6hWIEIqt4VHCDtVhB2qOUeIEIqsIqOWDtVxB2qXVHYBEVWENHCDtVxB2qXVHYAENaLDRwg7VYQdqzdUdgHwa9TDwO1epcoYgxt+1R7P2px7P2qDbdvpWSrF2E/gdqj2ftTn2btUG27Uc4YibwO1QYO1OfZe30qDa/wBYqucVhL4HaoMHanXs39Yqvs3amq4sRN4PaveB2pz7N2r3s3ajnFiJxb9q97P2pz7N2+lSLbt9KOcLCbwO1T7OfSnPsvb6VPsvalzhYTC37VIt+1OfZduVSLXt9KXOFhOLbtVhbdqcC1/rFW9l/rFTzjsJ/Zu1WFt2pwLX+sVIte30qXXCwoFt2qRb9qc+zdvpU+zdqXONIUC37VcW/amwtu1WFvjpUOuFhULftVhb9qai37VcW/b6VLrjxFQt+1WFv2pqLft9KkQdql1wxFgg7VYW/amYgq3g9qh1h4izwO1epn4PavUuYMTLwe1e8GtvGh/nRf3xVTdW4/58X98VnlI3xRn4I9K94A9K3WSNxlXQj11VYFT/ABr86M2GKBvZ81Hs9Fke74Gs2ZF+8wHxoU2GAP7Oe1R7NW3tEH81PnXvHh/mr/eFPKQsEYi3HpU+z55CtRcQnYOnzFWEqHkyn3GjNhgjEW/qKn2ftW4kHQj51YP2z7jSzYYIH8DtU+z9qL8RAn/BLN66uVQZlVV/dknrvU8jHxoG9nHpU+zj0ohXBUHlVwwozYuMFFv2q4tx6GiQw61YMOoIqXUY8AUW49KkQD0okOPQmp1AbnI9BSzY1TB/AFe8AelEax0GakP2NLNhxg4h7VIh7Vu0iL/EuRz3qPGQ0smPjMxD2q3hD0rTxUwDyFQZ4QMtIAvqaWTHxlPC7VPhdq0a74eiee4Gv/yGKy9us8f+4Un0XBpZMfESI+1T4Y9KqnELNycSgY5gsKhuJWCt5p1A9SedLJj4zTQK9Vf2nw7+Yn96vUsmHEj55JwDitspe7vo4YwNy91uT2GTvS6S7aFWKXMsrDl58ZPbnXVpw7iUjM6W8TuT0TfHpjNVk4VKJcXMFtGx3ybcE5+ArWfk179jh49I40cYnhj8aVZtAOCS/X4imnDeMLcsoWMkltg8wBx38u1dEfsybstlwo7RlflSTiVpZO4h1uWi/gVcL8R1PvrN+RVkaqlTXs3u+JyRoFjtIzKWwmZtWRjoBjNBS3kx1qZAHXIKY3BzjGOdFQ8NgaI+wkuWJJjkySc86XX/AI0KhXjmhMY0qGOnbPQczvXNLzJU+zXgTRqbi8OBGsjDfODjYemd6941znTM0kW2R5gSfcOdaW1zc24VrsgAHBJO+fTHX8qMllS7RnURMXHmLKDrBPXrjYUl50pFLxogQM5KqbtgeeVBOB3/ANq0EU8nnW6nwTjGGU4Hwxn9DRMTTJKg0nw4vLCqrlQD6jGenWqXvtt66vGIfCViSIXKr7jjtSflSb7H/HSXQDxA3NsPJxI5DKCGfcZ/oVdpryNVB4hgEA5EvMeowe1Wh4ZIxklupFWGPcBIWZNgTpOcZ6nr6USr3dqJreIOpBAKEBlwV8ofG2rcAA89udHPO3ZPBEWwXfGHg8dLiaSMvhfBkL5X4b0SL/iCFnNzcqi+bTJIwIHLrjNVm4fLfTGex1TRkhSoKxsD1UaiB06H1ptDFPhobq3MKIfKiSRELgDm/Q7HbG+qs3XqMpUYIB4bxO+lSZpGmYHBRjJhVHfet5LuWeJQZbqIZ+942Q4+fvrPinEZrK/kht441tkfMkaHClh+gb3VtNBZ8S0zQRrp8JJYljbAO+M78sZPLn0qeV/2K4436F8l1rRm9tkRhtGizN35nV+XSsfbrtQ//rJHwv7vWxOon0zV7+KG2vntL2KOIggh/FU6T8+u/wA6ecD4FaXvDZI7SJp7uJxHN4u2kEkg5z03qVVqP2J0oClL/KoBcSF9ILA+UZ643re3llmTWzyrpXUdbnA/H9KAu7OO0v1FtLIkytp2TUHGfQg5HcHFMwi3wjs42MU7EDLbBiMkcyAD+lOVWafYlCJinEJGZ0jkuVZeYZenaibeaSa2edXm0RkKwzuM8vzoSPgU12i3NneW8pjcpKvJsg4IC8/9q1kaTh0iW9tbyG6cBm1uy+oB3A5jrUqrUXbHgvhVolbXg3H7vdiGON/XaspJ9MS60wm3nOT06nNMbGWK4RGvYljkY5ZVVh4Y3xkDnyPQUbc/Z+1lieTWqqp0rMPuH1Y4OTj1x0rVuqu2TjE5x72EsoWLQudvMep99ORcQRI3tHC/OP4gzNjvtmjbfhEnD7Qpa3ME4uWKLokG+rbO/oN8Hlil/wCzp4v3MwgKOfKrXCZbbOeewA67VjUnWUkolRhEy9uhhXRcRRtuAJMkZPfvV5ZPCZZ2hXQpIzjAOcYAOTmlV5K7MiW7RxKrEMxA6bdPxNMbHjK2sDQGBbiHyppTIxjqPKAN+/40o+Q3psdvhLSMAbh1CZOeYb9aH4jM5ijhWJDKW5KqjHp350+Ti/2el0e0JMJOZV1fAOCNiBv/AF6Vzl7atc8aSPh0LNEr4UpqPk5ZJxmrc2/Y8P0H/sbiP8o/SvUV+zrb/qIP8d69QLD9HVycRvZBoGIwdtKA5/ChJC0ZxP5Cd8MMk/Ab1XiXG2tIVeFbXUwOlQSzH37YFc5L9orlyxfQrHmcEn516UKbfSscU6ijo6I8YsrOMxz9RsWBz+FIuJxWXEZVnsotLkYZ5ZNm/PNCwyLetia5Opv+38614nFDYQxCGKacuM+IXxGO2R1q1BQf7Ibcl+jVnThc0cTOJJGUNlF8vu+lEX9rBxO1E3h6ZRsjHkT37UjF610ixSoqyIMDGOVP+ESGMaXL6XHIrtiuPyY7O2g7rRx19DPNcMkivJ4GRIVGAB6DNLoGmjlHhA6j1zX0PiUMdufulUlGkuu+AfX9aQTWNrHeM120monzGPByOQwPd+NeTUpO9zpsUsp2KhTL4kg5sFIB7A+tGFIpG8QjEwGNRG6/GlHEpFDeHYN4EZbGSd8fKoHEYEjCtrkZBlySANuoPMfWrdVL8WNSGN5ZzSQlILp4ccgRkH4ihrdJ7OMC/WScA5SRSF0/Si1kcgFFdlIyeWR271tFKGY6hpbO+Dt/XvrVJS2mDSYquOMxw20tukLRI5OSi4+IJ6064PxaT2GN7YjTp0mMghjz3J3JO+RWE1hbXGGkiDDppOg/pS9uE6HPssyg9A/lbvvmocpohxaYVc2cE0F4817NccQOZIFSRkDdCDkjlnmcDpmqQ8H4NBcwAtchUiZvF1ZUHryBweWOfXl1Ee2u4lBk8XY4A14H0/Wtl4rPGEN5EpAPJDjI+FYy8yLlvX/BKeL2E8Z/Ztjde1xXntM0hwschV9AK5yPKPnR/D7XiZZ5+GypbwzqS8k0ioI39SM7/Wk/7Uspdei3WFyPK2Bke40Vai0GiYXq+OjaSHUHUDvy5fWtVUi0rMLpvTCbbgvFDeveNdcOjmjXySwkt65x5dgc71RbC7tSX4jMvEdJw0casusHOwz039aPW84Qk9xJG8rXMww7vLuPcvKg+IcSvpLsNb2cGl2HhhSBy/tNvkb+nwpqUHJ4stuIBxJLtLg3ENpNZ28uIzkhjy6gb0xXhi31kbqxnEoiwADH4e4yG3fB07DfrQ3DYSkk73clvJJHggpqJUdRyGPkfhUW3FpraSf2i0t2g1vjxJC77gYwQBjG2x9TWuEIpybMct2sVm4hBI3s4R0JUJqtxjLdOmDz+tNLZr60WB4IHtpI8anlyvjAciduooawnimtmae0hdljMksxk/4Snkukrz2336ih+Gi/41NdNb+CqRriNrg4UHBPLfAHPYHnWHJOckaqKWx4L4zq4ktoWkkYguY2Vjq6Zx+FFWt/CnDUl8CVJRIdU6KGUYOW0g5Ow7UhvrNOFQQ2T3MKzsmoSeJq1/8AcPT3fjQ1xcXEaRxOQ0TjEjamRd+eP9qt+QsnF+ga1pDPUeJcRjjubKVbPz6riOzDZZd/LhRkZx06Ux4dw7hRkuba3SSaYecpJGAW5ciSAOed/p1WT8ULMiWMrXKICf3oONxg86pD9oDE8nj25C5O+AQDncbkdM7ZFK8LiWkGLa2E900RMECR6vGlwGMZXfBALZOCOtUS7+ztsoimlkkEchKXCrpWcZywGWxjOx5cqZ2ksKBH4fZrDBPl2aGEKW22z+865O/0oNJrWaMftdHinLaB48RRMk9Dv+HzrWOMXdoJXfRl+0/sR/8AH2n95f8A9VFT+zOD/wAi8/vxfpXq05Ik2Yr4vNZyMFtVYgbCR+WPd/rS3EZG4GfUCpMSD7/n71I9n5OQo9ACTXsp46PGk8ncw0SRy64C6jHIMMfWjbXiLrrikZxG4wyLGpB9+atE9jEpz4nx5GtEurYkFEJx0CmplK/YRTXs9Fb2hb/08UsUxO+vZWX3dO2DTGK4mV9LkOF5HlmvWTxXYa2uJI131IdJU+8GrcQsjYOqeIWDLkMRXHVSk9noUH+IRKkt4oGUII+652+lc/8AaKx4gjh7SIpsAqpuAemMk5P6U0t7yOF8PIN+mQKNF/bF9XgLrPN0Az8+dcc430zqOWHAb0weIZIzKEy8Z/hJ3rODhYt7aKaVWmlkZlRIwCGzjGfd+ddZexsbSTQAhIyASKW8MMbXUchiZQj7ANkZxgknHrvXFUpRTyZpBK+jlbuea2mPjLJHpONx90+v1plZ8UgkjQXx0u26TJnl3rqbiLht9BJFPOizpu0mQGB3PM+/lXL8NsJbWZra+MoGT4YnjUIBzPmx+dTTdpOz2KVNp3TGQHgAy6i6aSQU/i945GgrTikaQC4uzG1u7Ex9evUUZ9oI4IrNIEkmDONaNbk8/QjrXGn9ox3FpCljNJHnUGCDy7+h2+Zro/JyV0GTvY7mKW3mBaB/KRnCHP0NZTcNimXOgbnB0nH+X/WlfC7Wa1up2u31rjVHl8ZPT4fpUx/aJbW6cyXUaA5HhO2CfdVWydkrlatsi44MA2kKNOdsEhvkdqBuLJ4MBnAHo66a6mz4taXVv5gcufKzDyn44rf2eJ02bTvyGGHyrCfjR/wzdOL6OHNrdEnSduh6Vub28W1W01yADbK9B2ro5+CRMdUSaSf4oG0/Q7UC1hcIcxzCXpiXy1lxTh0Ti0es74wRRLKrTEc3Y4b4miBNw+7yGZ0J3Oonn7xQT27R/wDuIpIyOuM15LdHA8GSM5OcZ3q80lZjyaGfDbeHQZSTpJKeFKysHx1PPI+NMo1trdT7PbyWmSWPscrRjPrjJHp0rnntGCEEvjqCMgfKqwSvDgJeMAvT8qWdulYedu0OL2ytbi4N5Jc3jzkEBpQs2kdPTlWHDuGyKzySTyS2x2EbRgKe5zvn3GsRxWTTiRFlB6uPzG/1oxeKwtsVliPPKvq+hrSk1fJsd0z16waVbRCyllICooAJ+HXbrXuHcAa2nNy7Qq4yMXLtgEDoQMdetY3ENreAyLdaGZtyPLvU2y8ZsoJI7DiMjRk5IOHz8wavNp62A3STi8DMeHPwwxHHkDq4GB64B9fnQtxFxTiMU1rcxcPJz4gZZJFwTsDgnB5dqATi3FoXUzWdpOy75aIbfCmNhx65eRhDA9o2Mt4flTsMAYqeZN4P2Uc1+xvtD/ItP8da9XYftniH/WSfJf0r1XwR+CsjklSZtgFUdcNv9KIXhc82G8dFX/y/0oNrll0pDvITsq/er1vc3t/KiBiYk9Pyr3XdHgqER1ZcHtZNSvfqzjpyx86LHC4YgTGgk22yNh76UxQjIaSQnTvvsB8etFpfLDhVIkOc4BrKTfZvGMPgwsrS3syb+8YtJjEUSrhTj0HpS28mlupmkncnVyXOwHoKM4ncJeTCZdYLoMox2Q+g7frQJTPMVyOrdnoQppLQsuIlSZXVEA/tHn8KbcNjuHIKeZc88VkkP75GYBsHZT0o+1uZFJGBscb1NSd+i1Gw1Fm4hGTqfn3rhL6W6trox3SMq6s6A3vyMdenOu+t5mZc6gD7ufurkvtHwm9lvlmtUeZ2PncjAOw5Vw1oyktGi0LXkaZ1VYgqy4jGNye+PlXRcT4zNbzmOdEmgKjMbDysOu/vBrkJvHt5jogl1YwoA1ENnAAArqb2SX9gQwzxsZ3QEu25RzjIHxB2rmXd5Fxega3uSzqYQsa5+4V1BR+PyrafwkZmlxEVwDKjBlP5ik9rI6yeaNioGSB1PpTz7LvaX11eRyhZmICGErq0D1YdK1VRegXdgK94unD5ocuHVjpLE8sbg5pTJaw3N4Ly2W2mZw2WVAx6bk9BzrqeIfZuzly0Gi4jyf3TnUuRnbPQ89jS64Nhw22Pj28kKxDARI9192K3i1UXxilFrsAh4jJbyCGXQIsbZJK/qKYJJHsQzW7ncspyp+VCxpb8Qt1uII54y3LxIyjj3g9O9WaORd45V08iFGdvUr+dF6kP/exJIbRX00WPHGpCPLJFg1Md342Qsqsf7Mi6aRvcPaspRWV2zqCbj5da3S9jdVF1EoOOYo56bdr2DobEqGCOjw55EEaf0r1xwuNh54Vb0dG0n9KFgd9J9kmLL1XmPiK0S6KDDQsijm0RyufdT40/2Kyb2Yy2U0Q0x3JT0Ey7/BqzZbxX0XFos2f48Z29/OnMdwsu0bLJkbo2x+VSLVHRyiPARzXp8uVZuiu+hOC+iVoVG5Qr7/MBVfZwyhfK65yNRyfrTd7dzuQkg+R+v60NLaoThgYj6uMfXkah02uthgwFoNC6X1r207VWSCSUKDui821HVRvg3NupEbsVPJc5B/8AqedVcuEzNb6T/aRcfhWfXasDA5hciHwYZsY35nl6VPD7q5hlZbtlkQ/xDYg+np9Knwkm+6z59GOc1f2eYj90uT/2tn6c6FUkndEXlcO9rh9Zf7w/Sppd7Lc/yj/hn9K9VfyZ/Azl8AOFcPlZ/Gu5po0b70MTY1j0JG/wp4zQQrptUKDOAxWsbidUbCLpAHWl8twpGkybc691ycjzlaOkFTyeK5VhtnYg0RbJDEAQCZDuc/dBoO1EWnxJCwztpx96jYyG2wR6Vz1Kj6OijD2yzyHVknJPM1UuccqtKAq7jeh5ZcqCtYHZ0bW8q+Kwxlu9HRTBd0i1Y6kcqQtcOhOkAsOma08edkCzYVGI1FeRqsdk3Ojin1xCTdjnfAr0z+ICrEqCN9/yqeHyK8IGwx0oi4jjdCoXG3PFQUKuH2cFtO80kkZYKTqJGw9QeWaFveI2tzKYPCd49BKLzGrGxz60Zdawn7kBRy8wxnakzWxgZpVJYdhnHvrCdP4UgK6tZIeJwQqpOcC4y2xB5/GhuHe2cLuuJX8hNuk6iBIc7nB+9jpt+NGX100cbXLFmK81wCfxoKwuk4pbsZEMHkBXqMnl8P0rByai2kV/gyseKXkZiCSHQn/L06gAefXnt8K6m30cTDqq64Qv71yuwJ5fHnXz6/eLhbyySXIQcycEsfh+Qrufa4rLgKQ2jFZJYVZ9ediQD8+e9S24rIqN32c5xeK64ZdPHjw15o3MMPX+t6rYXBvIfFkQCTkdAOMj0/Wuzg4hwzisy8OkKSXIgWWSBxnAI2wfWknFeGPw6X9yoNu2+Mbe7Fa0azT/ADFKn7QteMuvmGr/ALgaxjshKToYTNjlyb6/kaMJXZoiVz/CRv8A6UJc3VqkipMwiYnbPL51vOlTqEXt2ZRKysNIK6TpCMeRHWjvbDGpMvnUdW5j4j86hmDRgXMfiqM4bOGHx61VoBLERDMzAD/hkaWP5GseOpR0ugsmTPd2kLK1146q3/MEYwnvx+nzoy1v5carW5S4hJ21AjltjJx+XuoG3VyX1r5iNstsRUe0eyAroMa89I3U/CrXlRtaaFZ9jmG8iaQRyK0DsfulsLn40wlkJJVYhkDBAzv65Fc7DeRSKRLE6gbeXcD4H8jWtwY4yBHeiPU2lVSTmfTBx9M1pZVLOLDIbwnh8yFIzLbTjcqQNLHsBUy29xGmnGpfT7v+n4UrS6uITouf3yrjDuvm78t6Mgvbd8gSyRE9H3B91GElpu5UXdbMJoEL/vC6P/ZcY+v+tZ+FcR7BVlXmP6P5U2GvHkVZUPMA5qixWz6lTXC3UdDXNLx6b2tBgvQu8Wb/AKE/Jq9TP2JP55/wx+leqP4y/uGH7OUuTrkYaye5rNbdWIyN/U0SIlznO9aqgr1ZVbHnU6N3dnoIwBvRsIweeKzjUVd3RIzrIX0Nc7nkdsYWMb2UBSWbOB0pVLO5GlCQvLNE3F4o1BRkD160MyS3EBaMAE8hy2raK0KTItZWDhI4SzH7zM1GanZSpYYI5Cs7KyI2Ltgc96Z26Kz6AoY0SewS0b8Gil8PGG1U5WzdoyXeTV0Ga04eEWMYxnrRd0onj0xsyHqVPSsW9lpCOWJtao0asAdvPk1jxV/YbGRpFCoo0M3Ppt9fWnE0LR4MZDOnmyRz99WlxcIoYgjkRjI+tKTurILHzO0mXiUd1CsRVSB5zuCc9R7s1vZwrbRyop0CNNTlWHIdCafXnAl4ZZ+JbsWQEs4wBv6+v+1c99oFdbK1Xh0SyT3jKpUc9Pryx06jtvXGoyclTfRS6ENpZtxT7Qu98khgtFOAM7PqGle/PPwFdlNJKIb64uw7BdB0g4OFztnvt8hV+C28VlHGjXRaRoW8XbCiQkbj4Zqqx+KlzbafEjfloPTl8a2lUXIl6Q0mH/8A804LLMJ/tFeoIpr3e2jB8qwHBB+P4fTsJ7VbqAxTR5fVkjPWuWtftDdJZC3EaW6xeUlCTgcwB6e4U8g4kXs1kZ3dgmtmI3OOlYTd5GkRJxfgbRMJYQ3hnc45qe4pJNaxyf8AG8RMHdkOzfMbV9GMguIUkVTllBwdiAaU8R4Us5LxYXVzHSnGpKJTimcoAII0kVy6tyeRs5oKxnmuzM0tsbeIHyuzfe9KfycHkTMbInhEnOBke+lcvCzDd+I887qCGVdWnw8DoAN/jXTTq7/IwlB30TqeMhZFEy4/iGGA7Gqra+0yqlvJCDkkJKSp+e4P0oySPUM2oj83NjuPkeVDeEsjkIxJXmeQrSVKFRBdrTA/CmjnQSRlDnLhgenp61p5XZfEjEra9gx65z+NENczKAj6Z4vR+Y9x6V5EgchoZGSQHOiYgZ7A/rXN/HlB3iCSZstzLjRIFlC/wsNxVh7PNzBRx61lLBIrhwpzyKEYP9d6uxQnBTy+taRrYr8x2CYlltyWwsicsaiPqMVr+1lVkVopOW6uwOD6g4B+HbmaDJKxRC3cqSGcg9cnGP8AL9aAueJXcUhFxaQyQkn7mQQB3reM1PSCMHLo6P8Aa0f8qX6frXq5f9scP/6W5/y16rxXwvCfw3BraPc71kQBy3rSP0zWM2clNBGsIPftQt2G8LzHIJ9aJdRjntWMiiU4cEjpRF2NXtC7SHw2AAvMZ51570IuiLDSfhRXs4i1OR8xQ4uUOoBBnPQb1opCa9BEV14sIVU0k8/fRdhKyELsDn6UJBaALrQk9fMa3gXE+6hfhUuQ0h0lwUxgmjxdsETSBvzJNJ8KQAd6NtcaRqGroAd6kY2jcFSx2J9ayaGKYEnBcYwc45etVLMI8aVAAO9CtKUYDcMo3J2BosFwssjIUZNROxU75FKOI8Ljij8a2jA5+UdM86Y6tUTswALLtg70AUuI0MeSUbOkb595NKULp/Quczxy8S2to7OB8SndyBgk43GaN4BZyRcLmmLN4jOpIzvj/c0s4jwg2ly001zryQdOM/H+u9FcHuil1Hbtl1lUh9Hp1zXmNTU7SFBtyuwnhCPPOfaCUR2LLnn0z9MfOi729ns5HijwmnOM770FLdQWN9clvOsx/doWAAKjHL5Vp4Jv54pde5TKgH7xydq2jb37N2rI6DgXGJbmVIZlVT4eA2+SRTy61KSo5Yzy5Up4NYxiMSuzGRUBYH+FjzHrV5pJDEUaYo4GFOdiaJKzsVG5aWVhJGsKKyv946sBQM74+I+Yq3EeErcjUhCyqOvI1e1sBDYJG0rbAEHOcHbYdtqIS4KxjxNzgjUfWhNoZx0tvJBMdYKMvXoffVNQnTQwMRB30757967N7S3uULlUdfUild/9n4SqiCME8wp5VrCo0wauc7KkgzoULCNzJnbHqaw0pKWEeW2zk0wvLCW2fSjCKQYyF5Y9KDlWNkEYGjLAsYxs9dUKqkYShZ6KxyywgBsug3Ck8u4Nbq63ClYp8SZzomOP8wGKwkDxLpRHdc7ud855AVSeJVbSxw4+8B/D2qp0oyJUmje7zbSIkwEb6dw/5GpBIUMoyp/iXlWdtc3Nrgwuzrj7jHNaSTRXNwJY29nmJGs7rn1yORrll4zW4srT6I1L/YX/AA69R/sl3/Pt/wC+36VNZ8U/7Mq0vp//2Q=="
